{
    "trained_at": "2026-02-22T01:21:13.676312Z",
    "average_precision_score": 0.6909027911545396,
    "roc_auc_score": 0.9324656107518978,
    "precision": 0.14705882352941177,
    "recall": 0.8673469387755102,
    "f1_score": 0.2514792899408284,
    "confusion_matrix": [
        [
            56371,
            493
        ],
        [
            13,
            85
        ]
    ],
    "false_negatives": 13,
    "false_positives": 493,
    "classification_report": "              precision    recall  f1-score   support\n\n           0       1.00      0.99      1.00     56864\n           1       0.15      0.87      0.25        98\n\n    accuracy                           0.99     56962\n   macro avg       0.57      0.93      0.62     56962\nweighted avg       1.00      0.99      0.99     56962\n",
    "summary": "APS: 0.6909 | ROC-AUC: 0.9325 | Precision@0.10: 0.1471 | Recall@0.10: 0.8673 | F1: 0.2515\nConfusion matrix [[TN, FP], [FN, TP]]: [[56371, 493], [13, 85]]\n              precision    recall  f1-score   support\n\n           0       1.00      0.99      1.00     56864\n           1       0.15      0.87      0.25        98\n\n    accuracy                           0.99     56962\n   macro avg       0.57      0.93      0.62     56962\nweighted avg       1.00      0.99      0.99     56962\n"
}