{
  "amount_mean": 89.77134416773255,
  "amount_std": 248.9103973855129
}